{"cameraMode":{"drawMode":0,"name":"Shaded","section":"Shading Mode"},"sceneLighting":true,"audioPlay":false,"sceneViewState":{"showFog":true,"showMaterialUpdate":false,"showSkybox":true,"showFlares":true,"showImageEffects":true,"showParticleSystems":true},"in2DMode":false,"pivot":{"x":421.0513916015625,"y":204.46534729003907,"z":-17.309879302978517},"rotation":{"x":5.8697498417359387e-8,"y":-0.010499483905732632,"z":3.604998255468672e-8,"w":0.9999306797981262},"size":81.39410400390625,"orthographic":false}