{"cameraMode":{"drawMode":0,"name":"Shaded","section":"Shading Mode"},"sceneLighting":true,"audioPlay":false,"sceneViewState":{"showFog":true,"showMaterialUpdate":false,"showSkybox":true,"showFlares":true,"showImageEffects":true,"showParticleSystems":true},"in2DMode":false,"pivot":{"x":39.34962844848633,"y":-64.9748306274414,"z":13.95238208770752},"rotation":{"x":0.34100332856178286,"y":0.5756807923316956,"z":-0.28622934222221377,"w":0.6858529448509216},"size":52.30483627319336,"orthographic":false}