{"cameraMode":{"drawMode":0,"name":"Shaded","section":"Shading Mode"},"sceneLighting":true,"audioPlay":false,"sceneViewState":{"showFog":true,"showMaterialUpdate":false,"showSkybox":true,"showFlares":true,"showImageEffects":true,"showParticleSystems":true},"in2DMode":false,"pivot":{"x":15.998055458068848,"y":-50.332950592041019,"z":4.198599815368652},"rotation":{"x":0.43090105056762698,"y":0.5609289407730103,"z":-0.43215563893318179,"w":0.5594095587730408},"size":51.070987701416019,"orthographic":false}