{"cameraMode":{"drawMode":0,"name":"Shaded","section":"Shading Mode"},"sceneLighting":false,"audioPlay":false,"sceneViewState":{"showFog":true,"showMaterialUpdate":false,"showSkybox":false,"showFlares":true,"showImageEffects":true,"showParticleSystems":true},"in2DMode":false,"pivot":{"x":-1.7658671140670777,"y":8.381368637084961,"z":8.0433988571167},"rotation":{"x":-0.009149683639407158,"y":0.9645376801490784,"z":-0.2616593539714813,"w":-0.03376811370253563},"size":0.8660253882408142,"orthographic":false}